{
	"tags": "modified",
	"shadowFrustumSize": 0,
	"shadowOrthoScale": 0.1,
	"autoUpdateExtends": true,
	"autoCalcShadowZBounds": false,
	"diffuse": [
		1,
		1,
		1
	],
	"specular": [
		1,
		1,
		1
	],
	"falloffType": 0,
	"intensity": 1,
	"range": 1.7976931348623157e+308,
	"intensityMode": 0,
	"radius": 0.00001,
	"_renderPriority": 0,
	"shadowEnabled": true,
	"excludeWithLayerMask": 0,
	"includeOnlyWithLayerMask": 0,
	"lightmapMode": 0,
	"position": [
		50,
		50,
		50
	],
	"direction": [
		-1,
		-2,
		-1
	],
	"name": "sun",
	"id": "13d8b045-9a4a-48c0-ab96-3584968502c2",
	"uniqueId": 12,
	"state": "",
	"metadata": {
		"script": {}
	},
	"type": 1,
	"animations": [],
	"ranges": []
}